--
-- PostgreSQL database dump
--

-- Dumped from database version 17.5
-- Dumped by pg_dump version 17.5

SET statement_timeout = 0;
SET lock_timeout = 0;
SET idle_in_transaction_session_timeout = 0;
SET transaction_timeout = 0;
SET client_encoding = 'UTF8';
SET standard_conforming_strings = on;
SELECT pg_catalog.set_config('search_path', '', false);
SET check_function_bodies = false;
SET xmloption = content;
SET client_min_messages = warning;
SET row_security = off;

SET default_tablespace = '';

SET default_table_access_method = heap;

--
-- Name: auth_group; Type: TABLE; Schema: public; Owner: -
--

CREATE TABLE public.auth_group (
    id integer NOT NULL,
    name character varying(150) NOT NULL
);


--
-- Name: auth_group_id_seq; Type: SEQUENCE; Schema: public; Owner: -
--

ALTER TABLE public.auth_group ALTER COLUMN id ADD GENERATED BY DEFAULT AS IDENTITY (
    SEQUENCE NAME public.auth_group_id_seq
    START WITH 1
    INCREMENT BY 1
    NO MINVALUE
    NO MAXVALUE
    CACHE 1
);


--
-- Name: auth_group_permissions; Type: TABLE; Schema: public; Owner: -
--

CREATE TABLE public.auth_group_permissions (
    id bigint NOT NULL,
    group_id integer NOT NULL,
    permission_id integer NOT NULL
);


--
-- Name: auth_group_permissions_id_seq; Type: SEQUENCE; Schema: public; Owner: -
--

ALTER TABLE public.auth_group_permissions ALTER COLUMN id ADD GENERATED BY DEFAULT AS IDENTITY (
    SEQUENCE NAME public.auth_group_permissions_id_seq
    START WITH 1
    INCREMENT BY 1
    NO MINVALUE
    NO MAXVALUE
    CACHE 1
);


--
-- Name: auth_permission; Type: TABLE; Schema: public; Owner: -
--

CREATE TABLE public.auth_permission (
    id integer NOT NULL,
    name character varying(255) NOT NULL,
    content_type_id integer NOT NULL,
    codename character varying(100) NOT NULL
);


--
-- Name: auth_permission_id_seq; Type: SEQUENCE; Schema: public; Owner: -
--

ALTER TABLE public.auth_permission ALTER COLUMN id ADD GENERATED BY DEFAULT AS IDENTITY (
    SEQUENCE NAME public.auth_permission_id_seq
    START WITH 1
    INCREMENT BY 1
    NO MINVALUE
    NO MAXVALUE
    CACHE 1
);


--
-- Name: auth_user; Type: TABLE; Schema: public; Owner: -
--

CREATE TABLE public.auth_user (
    id integer NOT NULL,
    password character varying(128) NOT NULL,
    last_login timestamp with time zone,
    is_superuser boolean NOT NULL,
    username character varying(150) NOT NULL,
    first_name character varying(150) NOT NULL,
    last_name character varying(150) NOT NULL,
    email character varying(254) NOT NULL,
    is_staff boolean NOT NULL,
    is_active boolean NOT NULL,
    date_joined timestamp with time zone NOT NULL
);


--
-- Name: auth_user_groups; Type: TABLE; Schema: public; Owner: -
--

CREATE TABLE public.auth_user_groups (
    id bigint NOT NULL,
    user_id integer NOT NULL,
    group_id integer NOT NULL
);


--
-- Name: auth_user_groups_id_seq; Type: SEQUENCE; Schema: public; Owner: -
--

ALTER TABLE public.auth_user_groups ALTER COLUMN id ADD GENERATED BY DEFAULT AS IDENTITY (
    SEQUENCE NAME public.auth_user_groups_id_seq
    START WITH 1
    INCREMENT BY 1
    NO MINVALUE
    NO MAXVALUE
    CACHE 1
);


--
-- Name: auth_user_id_seq; Type: SEQUENCE; Schema: public; Owner: -
--

ALTER TABLE public.auth_user ALTER COLUMN id ADD GENERATED BY DEFAULT AS IDENTITY (
    SEQUENCE NAME public.auth_user_id_seq
    START WITH 1
    INCREMENT BY 1
    NO MINVALUE
    NO MAXVALUE
    CACHE 1
);


--
-- Name: auth_user_user_permissions; Type: TABLE; Schema: public; Owner: -
--

CREATE TABLE public.auth_user_user_permissions (
    id bigint NOT NULL,
    user_id integer NOT NULL,
    permission_id integer NOT NULL
);


--
-- Name: auth_user_user_permissions_id_seq; Type: SEQUENCE; Schema: public; Owner: -
--

ALTER TABLE public.auth_user_user_permissions ALTER COLUMN id ADD GENERATED BY DEFAULT AS IDENTITY (
    SEQUENCE NAME public.auth_user_user_permissions_id_seq
    START WITH 1
    INCREMENT BY 1
    NO MINVALUE
    NO MAXVALUE
    CACHE 1
);


--
-- Name: django_admin_log; Type: TABLE; Schema: public; Owner: -
--

CREATE TABLE public.django_admin_log (
    id integer NOT NULL,
    action_time timestamp with time zone NOT NULL,
    object_id text,
    object_repr character varying(200) NOT NULL,
    action_flag smallint NOT NULL,
    change_message text NOT NULL,
    content_type_id integer,
    user_id integer NOT NULL,
    CONSTRAINT django_admin_log_action_flag_check CHECK ((action_flag >= 0))
);


--
-- Name: django_admin_log_id_seq; Type: SEQUENCE; Schema: public; Owner: -
--

ALTER TABLE public.django_admin_log ALTER COLUMN id ADD GENERATED BY DEFAULT AS IDENTITY (
    SEQUENCE NAME public.django_admin_log_id_seq
    START WITH 1
    INCREMENT BY 1
    NO MINVALUE
    NO MAXVALUE
    CACHE 1
);


--
-- Name: django_content_type; Type: TABLE; Schema: public; Owner: -
--

CREATE TABLE public.django_content_type (
    id integer NOT NULL,
    app_label character varying(100) NOT NULL,
    model character varying(100) NOT NULL
);


--
-- Name: django_content_type_id_seq; Type: SEQUENCE; Schema: public; Owner: -
--

ALTER TABLE public.django_content_type ALTER COLUMN id ADD GENERATED BY DEFAULT AS IDENTITY (
    SEQUENCE NAME public.django_content_type_id_seq
    START WITH 1
    INCREMENT BY 1
    NO MINVALUE
    NO MAXVALUE
    CACHE 1
);


--
-- Name: django_migrations; Type: TABLE; Schema: public; Owner: -
--

CREATE TABLE public.django_migrations (
    id bigint NOT NULL,
    app character varying(255) NOT NULL,
    name character varying(255) NOT NULL,
    applied timestamp with time zone NOT NULL
);


--
-- Name: django_migrations_id_seq; Type: SEQUENCE; Schema: public; Owner: -
--

ALTER TABLE public.django_migrations ALTER COLUMN id ADD GENERATED BY DEFAULT AS IDENTITY (
    SEQUENCE NAME public.django_migrations_id_seq
    START WITH 1
    INCREMENT BY 1
    NO MINVALUE
    NO MAXVALUE
    CACHE 1
);


--
-- Name: django_session; Type: TABLE; Schema: public; Owner: -
--

CREATE TABLE public.django_session (
    session_key character varying(40) NOT NULL,
    session_data text NOT NULL,
    expire_date timestamp with time zone NOT NULL
);


--
-- Name: jobs_applicant; Type: TABLE; Schema: public; Owner: -
--

CREATE TABLE public.jobs_applicant (
    id bigint NOT NULL,
    name character varying(255) NOT NULL,
    email character varying(254) NOT NULL,
    resume_link character varying(200) NOT NULL,
    applied_at timestamp with time zone NOT NULL,
    applied_job_id bigint NOT NULL
);


--
-- Name: jobs_applicant_id_seq; Type: SEQUENCE; Schema: public; Owner: -
--

ALTER TABLE public.jobs_applicant ALTER COLUMN id ADD GENERATED BY DEFAULT AS IDENTITY (
    SEQUENCE NAME public.jobs_applicant_id_seq
    START WITH 1
    INCREMENT BY 1
    NO MINVALUE
    NO MAXVALUE
    CACHE 1
);


--
-- Name: jobs_jobpost; Type: TABLE; Schema: public; Owner: -
--

CREATE TABLE public.jobs_jobpost (
    id bigint NOT NULL,
    title character varying(255) NOT NULL,
    description text NOT NULL,
    location character varying(255) NOT NULL,
    created_at timestamp with time zone NOT NULL,
    posted_by character varying(255) NOT NULL
);


--
-- Name: jobs_jobpost_id_seq; Type: SEQUENCE; Schema: public; Owner: -
--

ALTER TABLE public.jobs_jobpost ALTER COLUMN id ADD GENERATED BY DEFAULT AS IDENTITY (
    SEQUENCE NAME public.jobs_jobpost_id_seq
    START WITH 1
    INCREMENT BY 1
    NO MINVALUE
    NO MAXVALUE
    CACHE 1
);


--
-- Data for Name: auth_group; Type: TABLE DATA; Schema: public; Owner: -
--

COPY public.auth_group (id, name) FROM stdin;
\.


--
-- Data for Name: auth_group_permissions; Type: TABLE DATA; Schema: public; Owner: -
--

COPY public.auth_group_permissions (id, group_id, permission_id) FROM stdin;
\.


--
-- Data for Name: auth_permission; Type: TABLE DATA; Schema: public; Owner: -
--

COPY public.auth_permission (id, name, content_type_id, codename) FROM stdin;
1	Can add log entry	1	add_logentry
2	Can change log entry	1	change_logentry
3	Can delete log entry	1	delete_logentry
4	Can view log entry	1	view_logentry
5	Can add permission	2	add_permission
6	Can change permission	2	change_permission
7	Can delete permission	2	delete_permission
8	Can view permission	2	view_permission
9	Can add group	3	add_group
10	Can change group	3	change_group
11	Can delete group	3	delete_group
12	Can view group	3	view_group
13	Can add user	4	add_user
14	Can change user	4	change_user
15	Can delete user	4	delete_user
16	Can view user	4	view_user
17	Can add content type	5	add_contenttype
18	Can change content type	5	change_contenttype
19	Can delete content type	5	delete_contenttype
20	Can view content type	5	view_contenttype
21	Can add session	6	add_session
22	Can change session	6	change_session
23	Can delete session	6	delete_session
24	Can view session	6	view_session
25	Can add job post	7	add_jobpost
26	Can change job post	7	change_jobpost
27	Can delete job post	7	delete_jobpost
28	Can view job post	7	view_jobpost
29	Can add applicant	8	add_applicant
30	Can change applicant	8	change_applicant
31	Can delete applicant	8	delete_applicant
32	Can view applicant	8	view_applicant
\.


--
-- Data for Name: auth_user; Type: TABLE DATA; Schema: public; Owner: -
--

COPY public.auth_user (id, password, last_login, is_superuser, username, first_name, last_name, email, is_staff, is_active, date_joined) FROM stdin;
1	pbkdf2_sha256$600000$fgNV7CLxrDwK79IEOpCDtz$Bq/+OmBVmx3/zgXnJ6i4fNV/t2lv1PhAzNu5WfC6Mws=	2025-08-25 22:47:13.461621+05:30	t	admin			sujit.tadadikar@gmail.com	t	t	2025-05-15 15:45:01.202+05:30
\.


--
-- Data for Name: auth_user_groups; Type: TABLE DATA; Schema: public; Owner: -
--

COPY public.auth_user_groups (id, user_id, group_id) FROM stdin;
\.


--
-- Data for Name: auth_user_user_permissions; Type: TABLE DATA; Schema: public; Owner: -
--

COPY public.auth_user_user_permissions (id, user_id, permission_id) FROM stdin;
\.


--
-- Data for Name: django_admin_log; Type: TABLE DATA; Schema: public; Owner: -
--

COPY public.django_admin_log (id, action_time, object_id, object_repr, action_flag, change_message, content_type_id, user_id) FROM stdin;
\.


--
-- Data for Name: django_content_type; Type: TABLE DATA; Schema: public; Owner: -
--

COPY public.django_content_type (id, app_label, model) FROM stdin;
1	admin	logentry
2	auth	permission
3	auth	group
4	auth	user
5	contenttypes	contenttype
6	sessions	session
7	jobs	jobpost
8	jobs	applicant
\.


--
-- Data for Name: django_migrations; Type: TABLE DATA; Schema: public; Owner: -
--

COPY public.django_migrations (id, app, name, applied) FROM stdin;
1	contenttypes	0001_initial	2025-05-15 15:20:59.971882+05:30
2	auth	0001_initial	2025-05-15 15:21:00.057539+05:30
3	admin	0001_initial	2025-05-15 15:21:00.0828+05:30
4	admin	0002_logentry_remove_auto_add	2025-05-15 15:21:00.089853+05:30
5	admin	0003_logentry_add_action_flag_choices	2025-05-15 15:21:00.096943+05:30
6	contenttypes	0002_remove_content_type_name	2025-05-15 15:21:00.117915+05:30
7	auth	0002_alter_permission_name_max_length	2025-05-15 15:21:00.126023+05:30
8	auth	0003_alter_user_email_max_length	2025-05-15 15:21:00.133397+05:30
9	auth	0004_alter_user_username_opts	2025-05-15 15:21:00.140849+05:30
10	auth	0005_alter_user_last_login_null	2025-05-15 15:21:00.148188+05:30
11	auth	0006_require_contenttypes_0002	2025-05-15 15:21:00.1508+05:30
12	auth	0007_alter_validators_add_error_messages	2025-05-15 15:21:00.157873+05:30
13	auth	0008_alter_user_username_max_length	2025-05-15 15:21:00.170087+05:30
14	auth	0009_alter_user_last_name_max_length	2025-05-15 15:21:00.17813+05:30
15	auth	0010_alter_group_name_max_length	2025-05-15 15:21:00.1866+05:30
16	auth	0011_update_proxy_permissions	2025-05-15 15:21:00.193778+05:30
17	auth	0012_alter_user_first_name_max_length	2025-05-15 15:21:00.203266+05:30
18	jobs	0001_initial	2025-05-15 15:21:00.221608+05:30
19	sessions	0001_initial	2025-05-15 15:21:00.2334+05:30
\.


--
-- Data for Name: django_session; Type: TABLE DATA; Schema: public; Owner: -
--

COPY public.django_session (session_key, session_data, expire_date) FROM stdin;
lc18jlkqasfqc8vwz1oxm2tr5muyaut1	.eJxVjDsOwyAQRO9CHSEWA1qnTJ8zoOWzwUkEkrErK3ePLblIypn3ZjbhaV2KX3ue_ZTEVYC4_HaB4ivXA6Qn1UeTsdVlnoI8FHnSLu8t5fftdP8OCvWyrw0MhBoBHCttaY84jsDZxUQYrQ0GXGZQFjGwttEx6cGw0RAUOevE5wu7DDcG:1uFrze:O-y4C1MJB7DiWU4CypFv9_hoOgVNOqWTF-jueAutN-4	2025-05-30 15:38:42.657856+05:30
qpyl99269pxkhhog0nbg12180hmcgk0d	.eJxVjDsOwyAQRO9CHSEWA1qnTJ8zoOWzwUkEkrErK3ePLblIypn3ZjbhaV2KX3ue_ZTEVYC4_HaB4ivXA6Qn1UeTsdVlnoI8FHnSLu8t5fftdP8OCvWyrw0MhBoBHCttaY84jsDZxUQYrQ0GXGZQFjGwttEx6cGw0RAUOevE5wu7DDcG:1uqaoj:5ZdkzqLFpGLP7k0YU1n-vK5b-WEYnL_36BcWcB9PZaA	2025-09-08 22:47:13.488+05:30
\.


--
-- Data for Name: jobs_applicant; Type: TABLE DATA; Schema: public; Owner: -
--

COPY public.jobs_applicant (id, name, email, resume_link, applied_at, applied_job_id) FROM stdin;
51	Austin Brown	norrislydia@example.net	https://www.reyes.net/	2025-01-28 07:27:46+05:30	14
52	William Baker	jody73@example.org	https://lane.com/	2025-03-22 03:22:33+05:30	11
53	Robert Christensen	youngaaron@example.com	http://www.adams-becker.org/	2025-03-29 18:56:02+05:30	14
54	Jordan Mclean	hayesgina@example.org	http://ortiz.com/	2025-03-27 22:31:38+05:30	18
55	Justin Fischer	ashleyprice@example.net	http://www.ortiz.com/	2025-04-25 21:20:36+05:30	11
56	Donna Stuart	josephhood@example.com	http://cannon-jones.com/	2025-04-01 05:53:28+05:30	15
57	Kristine Robinson	janetjohnson@example.net	https://www.wood-brown.com/	2025-02-17 01:26:42+05:30	19
58	Kevin Michael	ilopez@example.com	https://www.king.com/	2025-02-24 15:37:32+05:30	14
59	Derek Martinez	juliaaguilar@example.org	https://mcgee.com/	2025-04-09 13:06:33+05:30	14
60	Mark Beck	isabellascott@example.com	http://www.baldwin-palmer.com/	2025-01-28 19:01:03+05:30	16
61	Matthew Lewis	waltonmelanie@example.net	http://nixon.com/	2025-01-08 07:25:14+05:30	14
62	Derrick Kirk	jeremylopez@example.net	http://www.martinez.com/	2025-01-11 06:27:09+05:30	19
63	Corey Silva	angelajohnson@example.com	http://www.hines-maxwell.com/	2025-04-12 08:08:09+05:30	19
64	Jonathan Holt	fellis@example.com	http://www.nichols.net/	2025-01-29 05:17:10+05:30	17
65	Erika Watkins	carl63@example.com	http://www.woods.com/	2025-01-01 23:24:52+05:30	15
66	Patricia Franklin	evan05@example.net	http://www.gentry-neal.net/	2025-02-09 11:18:37+05:30	20
67	Michael Edwards	dawn31@example.net	https://anthony-ortega.com/	2025-02-05 04:14:08+05:30	15
68	Ryan Young	jennifer30@example.org	https://ramos-chang.com/	2025-02-21 00:06:31+05:30	12
69	Megan Walker	cunninghamgeorge@example.com	https://rios.com/	2025-01-04 19:32:55+05:30	20
70	James Ramirez	waterssteven@example.net	https://jacobs.info/	2025-04-05 12:13:40+05:30	20
71	Mary Blackwell	charlesbartlett@example.com	http://www.brown-levine.com/	2025-04-09 11:49:12+05:30	16
72	Kevin Stuart	garyvasquez@example.com	https://www.wong-haynes.org/	2025-03-23 09:10:26+05:30	19
73	Gwendolyn Butler	kimberly41@example.com	http://cobb-sawyer.com/	2025-05-04 18:39:04+05:30	14
74	Mrs. Sierra Walsh DDS	zgreen@example.com	http://www.sanders.com/	2025-02-17 18:59:41+05:30	12
75	Dustin Simmons	rebecca86@example.org	http://www.myers-robinson.org/	2025-05-07 21:27:10+05:30	15
76	Michael Combs	kingmatthew@example.net	https://singh.biz/	2025-04-16 03:00:16+05:30	11
77	Jennifer Rose	robert39@example.net	https://carpenter-bowman.com/	2025-02-22 11:16:36+05:30	14
78	Brenda Jones	garzamark@example.com	http://www.kelly.com/	2025-01-19 08:29:24+05:30	18
79	Sharon Dillon	walvarez@example.net	http://www.taylor.info/	2025-01-08 17:47:26+05:30	16
80	William Olsen	alambert@example.net	https://www.thomas.com/	2025-02-28 23:58:44+05:30	14
81	Richard Hardin	tony10@example.org	https://salinas.com/	2025-01-25 14:43:56+05:30	12
82	Cynthia Erickson	ofrederick@example.org	http://baker-austin.biz/	2025-02-24 12:42:33+05:30	13
83	Brittany Gill	andreaclark@example.net	https://harris.com/	2025-03-22 12:09:10+05:30	16
84	Samantha Leach	amber34@example.net	http://steele.com/	2025-04-16 14:40:06+05:30	16
85	Michelle Frederick	kgreen@example.net	https://www.reyes.org/	2025-01-28 02:41:20+05:30	17
86	Shelly Dean	zkennedy@example.org	https://costa.com/	2025-01-02 23:29:30+05:30	11
87	Kimberly Hawkins	nburke@example.net	http://www.guzman.com/	2025-04-18 09:30:48+05:30	15
88	David Clements	lgonzalez@example.net	http://www.jensen-white.info/	2025-04-19 05:53:25+05:30	11
89	Nathaniel Henderson	xday@example.com	http://www.nguyen.com/	2025-03-19 17:25:26+05:30	15
90	Kendra Mitchell	richardestes@example.org	http://smith-castaneda.com/	2025-02-18 14:24:28+05:30	12
91	Stephanie Garcia	asanchez@example.com	https://black-wade.org/	2025-04-28 13:15:01+05:30	17
92	Rodney Schmitt	bethanymay@example.com	http://chavez.com/	2025-02-28 09:30:19+05:30	20
93	Amanda Harris	hernandezchristine@example.org	http://www.duffy.biz/	2025-05-02 03:27:52+05:30	12
94	Hunter Garcia	fbyrd@example.org	http://foley.biz/	2025-03-20 14:12:37+05:30	19
95	Chad Hurst	sarah27@example.com	https://www.anderson-hernandez.com/	2025-04-05 07:55:25+05:30	16
96	Marc Wolf	josephbarnett@example.com	https://www.fuentes.biz/	2025-03-10 21:20:59+05:30	17
97	Duane Garcia	millerleslie@example.com	http://pacheco-thomas.com/	2025-01-26 14:38:37+05:30	14
98	Jeffrey Wilkinson	bturner@example.org	http://www.luna.com/	2025-01-04 15:22:20+05:30	15
99	Joseph Holmes	michaelgarza@example.org	http://www.chavez-moore.com/	2025-03-19 13:12:12+05:30	19
100	Brian Wagner	kimberlyboone@example.org	https://dorsey.com/	2025-04-29 02:45:16+05:30	17
101	John Doe	john@example.com	http://example.com/resume.pdf	2025-05-15 16:56:20.380222+05:30	21
102	John Doe	john@example.com	http://example.com/resume.pdf	2025-05-15 16:56:25.403595+05:30	21
103	John Doe	john@example.com	http://example.com/resume.pdf	2025-05-15 16:56:27.343263+05:30	21
104	Sujit Tadadikar	sujit.tadadikar@gmail.com	https://drive.google.com/file	2025-05-15 18:18:45.803121+05:30	21
105	Sujit Tadadikar	sujit.tadadikar@gmail.com	https://drive.google.com/file	2025-05-15 18:19:37.531187+05:30	21
106	Sujit Tadadikar	sujit.tadadikar@gmail.com	https://drive.google.com/file	2025-05-15 18:20:11.774872+05:30	21
107	Amar Joseph	amar@gmail.com	http://www.googledrive.com	2025-05-16 15:41:30.504816+05:30	14
108	Amar Joseph	amar@gmail.com	http://googledrive.com	2025-05-16 15:42:46.093714+05:30	14
109	John Doe	john@example.com	http://example.com/resume.pdf	2025-05-16 16:13:21.868444+05:30	21
110	John Doe	john@example.com	http://example.com/resume.pdf	2025-05-16 16:13:24.895339+05:30	21
111	John Doe	john@example.com	http://example.com/resume.pdf	2025-05-16 16:13:26.424683+05:30	21
112	John Poe	johnp@example.com	http://example.com/resume.pdf	2025-05-16 16:29:58.371233+05:30	14
113	John Poe	johnp@example.com	http://example.com/resume.pdf	2025-05-16 16:30:00.336852+05:30	14
114	John Poe	johnp@example.com	http://example.com/resume.pdf	2025-05-16 16:30:02.067374+05:30	14
\.


--
-- Data for Name: jobs_jobpost; Type: TABLE DATA; Schema: public; Owner: -
--

COPY public.jobs_jobpost (id, title, description, location, created_at, posted_by) FROM stdin;
11	Psychiatric nurse	Career serve style simply early left. Similar area job Republican single kind.	Port Brandi	2025-05-15 15:27:26.793105+05:30	Vazquez LLC
12	Analytical chemist	Necessary want which condition it. Often information begin school certain instead. Wife food money fight.	South Barbara	2025-05-15 15:27:26.794733+05:30	Collins Group
13	Proofreader	Tell wait claim lead about their look middle. Wear career series avoid style really.\nLife room board according night her.\nPerhaps care site must seek. Republican somebody maybe than note environment.	Jodimouth	2025-05-15 15:27:26.795792+05:30	Conley-Evans
14	Commercial horticulturist	Important media perform matter they result record. Contain trade field them friend health they. Major operation almost.\nHer drug card debate clearly executive feeling. Health main never require.	Lake Ronaldberg	2025-05-15 15:27:26.796694+05:30	Stevens Group
15	Intelligence analyst	Democratic letter picture before catch actually paper. Conference nice million onto interview.	Port Brittney	2025-05-15 15:27:26.797711+05:30	David, Cook and Smith
16	Production assistant, television	Light thought if them interesting under. Successful our grow under know once series single. Behavior hard challenge.\nHerself air enter easy common remember. Interesting me wish always on.	Monicaview	2025-05-15 15:27:26.798726+05:30	Russell, Black and Flores
17	Network engineer	Fear film father here recognize stuff. Call must listen. Yes ahead executive cost.\nFocus project foreign mission establish apply. Theory deep board recognize already around pay.	Ericport	2025-05-15 15:27:26.799763+05:30	White, Walker and Santiago
18	Teacher, special educational needs	Painting company say data town when phone let. Child term recent trip industry control. Consider stage walk parent on meet. Born then film war investment ten and.	Franklinchester	2025-05-15 15:27:26.800892+05:30	Murphy, Osborn and Obrien
19	Television/film/video producer	Religious include center car food very. Move citizen together dinner. Chance structure security game speech.	Briantown	2025-05-15 15:27:26.801867+05:30	Ashley-Hunt
20	Civil engineer, contracting	On carry position prepare. Do choice would wait music.\nTheir water young truth major image. Across building let mention eat return. Republican learn quality chair win million look.	Lake Devin	2025-05-15 15:27:26.802862+05:30	Johnston-Pierce
21	DevOps Engineer	AWS, Docker, Kubernetes	Remote	2025-05-15 16:48:00.69443+05:30	TechFirm
\.


--
-- Name: auth_group_id_seq; Type: SEQUENCE SET; Schema: public; Owner: -
--

SELECT pg_catalog.setval('public.auth_group_id_seq', 1, false);


--
-- Name: auth_group_permissions_id_seq; Type: SEQUENCE SET; Schema: public; Owner: -
--

SELECT pg_catalog.setval('public.auth_group_permissions_id_seq', 1, false);


--
-- Name: auth_permission_id_seq; Type: SEQUENCE SET; Schema: public; Owner: -
--

SELECT pg_catalog.setval('public.auth_permission_id_seq', 32, true);


--
-- Name: auth_user_groups_id_seq; Type: SEQUENCE SET; Schema: public; Owner: -
--

SELECT pg_catalog.setval('public.auth_user_groups_id_seq', 1, false);


--
-- Name: auth_user_id_seq; Type: SEQUENCE SET; Schema: public; Owner: -
--

SELECT pg_catalog.setval('public.auth_user_id_seq', 1, true);


--
-- Name: auth_user_user_permissions_id_seq; Type: SEQUENCE SET; Schema: public; Owner: -
--

SELECT pg_catalog.setval('public.auth_user_user_permissions_id_seq', 1, false);


--
-- Name: django_admin_log_id_seq; Type: SEQUENCE SET; Schema: public; Owner: -
--

SELECT pg_catalog.setval('public.django_admin_log_id_seq', 1, false);


--
-- Name: django_content_type_id_seq; Type: SEQUENCE SET; Schema: public; Owner: -
--

SELECT pg_catalog.setval('public.django_content_type_id_seq', 8, true);


--
-- Name: django_migrations_id_seq; Type: SEQUENCE SET; Schema: public; Owner: -
--

SELECT pg_catalog.setval('public.django_migrations_id_seq', 19, true);


--
-- Name: jobs_applicant_id_seq; Type: SEQUENCE SET; Schema: public; Owner: -
--

SELECT pg_catalog.setval('public.jobs_applicant_id_seq', 114, true);


--
-- Name: jobs_jobpost_id_seq; Type: SEQUENCE SET; Schema: public; Owner: -
--

SELECT pg_catalog.setval('public.jobs_jobpost_id_seq', 21, true);


--
-- Name: auth_group auth_group_name_key; Type: CONSTRAINT; Schema: public; Owner: -
--

ALTER TABLE ONLY public.auth_group
    ADD CONSTRAINT auth_group_name_key UNIQUE (name);


--
-- Name: auth_group_permissions auth_group_permissions_group_id_permission_id_0cd325b0_uniq; Type: CONSTRAINT; Schema: public; Owner: -
--

ALTER TABLE ONLY public.auth_group_permissions
    ADD CONSTRAINT auth_group_permissions_group_id_permission_id_0cd325b0_uniq UNIQUE (group_id, permission_id);


--
-- Name: auth_group_permissions auth_group_permissions_pkey; Type: CONSTRAINT; Schema: public; Owner: -
--

ALTER TABLE ONLY public.auth_group_permissions
    ADD CONSTRAINT auth_group_permissions_pkey PRIMARY KEY (id);


--
-- Name: auth_group auth_group_pkey; Type: CONSTRAINT; Schema: public; Owner: -
--

ALTER TABLE ONLY public.auth_group
    ADD CONSTRAINT auth_group_pkey PRIMARY KEY (id);


--
-- Name: auth_permission auth_permission_content_type_id_codename_01ab375a_uniq; Type: CONSTRAINT; Schema: public; Owner: -
--

ALTER TABLE ONLY public.auth_permission
    ADD CONSTRAINT auth_permission_content_type_id_codename_01ab375a_uniq UNIQUE (content_type_id, codename);


--
-- Name: auth_permission auth_permission_pkey; Type: CONSTRAINT; Schema: public; Owner: -
--

ALTER TABLE ONLY public.auth_permission
    ADD CONSTRAINT auth_permission_pkey PRIMARY KEY (id);


--
-- Name: auth_user_groups auth_user_groups_pkey; Type: CONSTRAINT; Schema: public; Owner: -
--

ALTER TABLE ONLY public.auth_user_groups
    ADD CONSTRAINT auth_user_groups_pkey PRIMARY KEY (id);


--
-- Name: auth_user_groups auth_user_groups_user_id_group_id_94350c0c_uniq; Type: CONSTRAINT; Schema: public; Owner: -
--

ALTER TABLE ONLY public.auth_user_groups
    ADD CONSTRAINT auth_user_groups_user_id_group_id_94350c0c_uniq UNIQUE (user_id, group_id);


--
-- Name: auth_user auth_user_pkey; Type: CONSTRAINT; Schema: public; Owner: -
--

ALTER TABLE ONLY public.auth_user
    ADD CONSTRAINT auth_user_pkey PRIMARY KEY (id);


--
-- Name: auth_user_user_permissions auth_user_user_permissions_pkey; Type: CONSTRAINT; Schema: public; Owner: -
--

ALTER TABLE ONLY public.auth_user_user_permissions
    ADD CONSTRAINT auth_user_user_permissions_pkey PRIMARY KEY (id);


--
-- Name: auth_user_user_permissions auth_user_user_permissions_user_id_permission_id_14a6b632_uniq; Type: CONSTRAINT; Schema: public; Owner: -
--

ALTER TABLE ONLY public.auth_user_user_permissions
    ADD CONSTRAINT auth_user_user_permissions_user_id_permission_id_14a6b632_uniq UNIQUE (user_id, permission_id);


--
-- Name: auth_user auth_user_username_key; Type: CONSTRAINT; Schema: public; Owner: -
--

ALTER TABLE ONLY public.auth_user
    ADD CONSTRAINT auth_user_username_key UNIQUE (username);


--
-- Name: django_admin_log django_admin_log_pkey; Type: CONSTRAINT; Schema: public; Owner: -
--

ALTER TABLE ONLY public.django_admin_log
    ADD CONSTRAINT django_admin_log_pkey PRIMARY KEY (id);


--
-- Name: django_content_type django_content_type_app_label_model_76bd3d3b_uniq; Type: CONSTRAINT; Schema: public; Owner: -
--

ALTER TABLE ONLY public.django_content_type
    ADD CONSTRAINT django_content_type_app_label_model_76bd3d3b_uniq UNIQUE (app_label, model);


--
-- Name: django_content_type django_content_type_pkey; Type: CONSTRAINT; Schema: public; Owner: -
--

ALTER TABLE ONLY public.django_content_type
    ADD CONSTRAINT django_content_type_pkey PRIMARY KEY (id);


--
-- Name: django_migrations django_migrations_pkey; Type: CONSTRAINT; Schema: public; Owner: -
--

ALTER TABLE ONLY public.django_migrations
    ADD CONSTRAINT django_migrations_pkey PRIMARY KEY (id);


--
-- Name: django_session django_session_pkey; Type: CONSTRAINT; Schema: public; Owner: -
--

ALTER TABLE ONLY public.django_session
    ADD CONSTRAINT django_session_pkey PRIMARY KEY (session_key);


--
-- Name: jobs_applicant jobs_applicant_pkey; Type: CONSTRAINT; Schema: public; Owner: -
--

ALTER TABLE ONLY public.jobs_applicant
    ADD CONSTRAINT jobs_applicant_pkey PRIMARY KEY (id);


--
-- Name: jobs_jobpost jobs_jobpost_pkey; Type: CONSTRAINT; Schema: public; Owner: -
--

ALTER TABLE ONLY public.jobs_jobpost
    ADD CONSTRAINT jobs_jobpost_pkey PRIMARY KEY (id);


--
-- Name: auth_group_name_a6ea08ec_like; Type: INDEX; Schema: public; Owner: -
--

CREATE INDEX auth_group_name_a6ea08ec_like ON public.auth_group USING btree (name varchar_pattern_ops);


--
-- Name: auth_group_permissions_group_id_b120cbf9; Type: INDEX; Schema: public; Owner: -
--

CREATE INDEX auth_group_permissions_group_id_b120cbf9 ON public.auth_group_permissions USING btree (group_id);


--
-- Name: auth_group_permissions_permission_id_84c5c92e; Type: INDEX; Schema: public; Owner: -
--

CREATE INDEX auth_group_permissions_permission_id_84c5c92e ON public.auth_group_permissions USING btree (permission_id);


--
-- Name: auth_permission_content_type_id_2f476e4b; Type: INDEX; Schema: public; Owner: -
--

CREATE INDEX auth_permission_content_type_id_2f476e4b ON public.auth_permission USING btree (content_type_id);


--
-- Name: auth_user_groups_group_id_97559544; Type: INDEX; Schema: public; Owner: -
--

CREATE INDEX auth_user_groups_group_id_97559544 ON public.auth_user_groups USING btree (group_id);


--
-- Name: auth_user_groups_user_id_6a12ed8b; Type: INDEX; Schema: public; Owner: -
--

CREATE INDEX auth_user_groups_user_id_6a12ed8b ON public.auth_user_groups USING btree (user_id);


--
-- Name: auth_user_user_permissions_permission_id_1fbb5f2c; Type: INDEX; Schema: public; Owner: -
--

CREATE INDEX auth_user_user_permissions_permission_id_1fbb5f2c ON public.auth_user_user_permissions USING btree (permission_id);


--
-- Name: auth_user_user_permissions_user_id_a95ead1b; Type: INDEX; Schema: public; Owner: -
--

CREATE INDEX auth_user_user_permissions_user_id_a95ead1b ON public.auth_user_user_permissions USING btree (user_id);


--
-- Name: auth_user_username_6821ab7c_like; Type: INDEX; Schema: public; Owner: -
--

CREATE INDEX auth_user_username_6821ab7c_like ON public.auth_user USING btree (username varchar_pattern_ops);


--
-- Name: django_admin_log_content_type_id_c4bce8eb; Type: INDEX; Schema: public; Owner: -
--

CREATE INDEX django_admin_log_content_type_id_c4bce8eb ON public.django_admin_log USING btree (content_type_id);


--
-- Name: django_admin_log_user_id_c564eba6; Type: INDEX; Schema: public; Owner: -
--

CREATE INDEX django_admin_log_user_id_c564eba6 ON public.django_admin_log USING btree (user_id);


--
-- Name: django_session_expire_date_a5c62663; Type: INDEX; Schema: public; Owner: -
--

CREATE INDEX django_session_expire_date_a5c62663 ON public.django_session USING btree (expire_date);


--
-- Name: django_session_session_key_c0390e0f_like; Type: INDEX; Schema: public; Owner: -
--

CREATE INDEX django_session_session_key_c0390e0f_like ON public.django_session USING btree (session_key varchar_pattern_ops);


--
-- Name: jobs_applicant_applied_job_id_3330b468; Type: INDEX; Schema: public; Owner: -
--

CREATE INDEX jobs_applicant_applied_job_id_3330b468 ON public.jobs_applicant USING btree (applied_job_id);


--
-- Name: auth_group_permissions auth_group_permissio_permission_id_84c5c92e_fk_auth_perm; Type: FK CONSTRAINT; Schema: public; Owner: -
--

ALTER TABLE ONLY public.auth_group_permissions
    ADD CONSTRAINT auth_group_permissio_permission_id_84c5c92e_fk_auth_perm FOREIGN KEY (permission_id) REFERENCES public.auth_permission(id) DEFERRABLE INITIALLY DEFERRED;


--
-- Name: auth_group_permissions auth_group_permissions_group_id_b120cbf9_fk_auth_group_id; Type: FK CONSTRAINT; Schema: public; Owner: -
--

ALTER TABLE ONLY public.auth_group_permissions
    ADD CONSTRAINT auth_group_permissions_group_id_b120cbf9_fk_auth_group_id FOREIGN KEY (group_id) REFERENCES public.auth_group(id) DEFERRABLE INITIALLY DEFERRED;


--
-- Name: auth_permission auth_permission_content_type_id_2f476e4b_fk_django_co; Type: FK CONSTRAINT; Schema: public; Owner: -
--

ALTER TABLE ONLY public.auth_permission
    ADD CONSTRAINT auth_permission_content_type_id_2f476e4b_fk_django_co FOREIGN KEY (content_type_id) REFERENCES public.django_content_type(id) DEFERRABLE INITIALLY DEFERRED;


--
-- Name: auth_user_groups auth_user_groups_group_id_97559544_fk_auth_group_id; Type: FK CONSTRAINT; Schema: public; Owner: -
--

ALTER TABLE ONLY public.auth_user_groups
    ADD CONSTRAINT auth_user_groups_group_id_97559544_fk_auth_group_id FOREIGN KEY (group_id) REFERENCES public.auth_group(id) DEFERRABLE INITIALLY DEFERRED;


--
-- Name: auth_user_groups auth_user_groups_user_id_6a12ed8b_fk_auth_user_id; Type: FK CONSTRAINT; Schema: public; Owner: -
--

ALTER TABLE ONLY public.auth_user_groups
    ADD CONSTRAINT auth_user_groups_user_id_6a12ed8b_fk_auth_user_id FOREIGN KEY (user_id) REFERENCES public.auth_user(id) DEFERRABLE INITIALLY DEFERRED;


--
-- Name: auth_user_user_permissions auth_user_user_permi_permission_id_1fbb5f2c_fk_auth_perm; Type: FK CONSTRAINT; Schema: public; Owner: -
--

ALTER TABLE ONLY public.auth_user_user_permissions
    ADD CONSTRAINT auth_user_user_permi_permission_id_1fbb5f2c_fk_auth_perm FOREIGN KEY (permission_id) REFERENCES public.auth_permission(id) DEFERRABLE INITIALLY DEFERRED;


--
-- Name: auth_user_user_permissions auth_user_user_permissions_user_id_a95ead1b_fk_auth_user_id; Type: FK CONSTRAINT; Schema: public; Owner: -
--

ALTER TABLE ONLY public.auth_user_user_permissions
    ADD CONSTRAINT auth_user_user_permissions_user_id_a95ead1b_fk_auth_user_id FOREIGN KEY (user_id) REFERENCES public.auth_user(id) DEFERRABLE INITIALLY DEFERRED;


--
-- Name: django_admin_log django_admin_log_content_type_id_c4bce8eb_fk_django_co; Type: FK CONSTRAINT; Schema: public; Owner: -
--

ALTER TABLE ONLY public.django_admin_log
    ADD CONSTRAINT django_admin_log_content_type_id_c4bce8eb_fk_django_co FOREIGN KEY (content_type_id) REFERENCES public.django_content_type(id) DEFERRABLE INITIALLY DEFERRED;


--
-- Name: django_admin_log django_admin_log_user_id_c564eba6_fk_auth_user_id; Type: FK CONSTRAINT; Schema: public; Owner: -
--

ALTER TABLE ONLY public.django_admin_log
    ADD CONSTRAINT django_admin_log_user_id_c564eba6_fk_auth_user_id FOREIGN KEY (user_id) REFERENCES public.auth_user(id) DEFERRABLE INITIALLY DEFERRED;


--
-- Name: jobs_applicant jobs_applicant_applied_job_id_3330b468_fk_jobs_jobpost_id; Type: FK CONSTRAINT; Schema: public; Owner: -
--

ALTER TABLE ONLY public.jobs_applicant
    ADD CONSTRAINT jobs_applicant_applied_job_id_3330b468_fk_jobs_jobpost_id FOREIGN KEY (applied_job_id) REFERENCES public.jobs_jobpost(id) DEFERRABLE INITIALLY DEFERRED;


--
-- PostgreSQL database dump complete
--

